BEGIN TRANSACTION;
CREATE TABLE patrons (id INTEGER PRIMARY KEY AUTOINCREMENT, first_name TEXT NOT NULL, last_name TEXT NOT NULL, address TEXT NOT NULL, email TEXT NOT NULL, library_id TEXT NOT NULL, zip_code INTEGER NOT NULL);
INSERT INTO `patrons` VALUES (1,'Andrew','Chalkley','1234 NE 20st St','andrew.chalkley@teamtreehouse.com','MCL1001',90210);
INSERT INTO `patrons` VALUES (2,'Dave','McFarland','5252 NW 2nd St','dave.mcfarland@teamtreehouse.com','MCL1010',90210);
INSERT INTO `patrons` VALUES (3,'Alena','Holligan','1404 SW 101st St','alena.holligan@teamtreehouse.com','MCL1100',91210);
INSERT INTO `patrons` VALUES (4,'Michael','Poley','7070 NE 10th Ave','michael.poley@teamtreehouse.com','MCL1011',91310);
INSERT INTO `patrons` VALUES (5,'Ker','Zhang','shen zhen','cooboor@gmail.com','88888',51888);
INSERT INTO `patrons` VALUES (6,'','','','','','');
CREATE TABLE loans (id INTEGER PRIMARY KEY AUTOINCREMENT, book_id INTEGER NOT NULL, patron_id INTEGER NOT NULL, loaned_on DATE NOT NULL, return_by DATE NOT NULL, returned_on DATE, FOREIGN KEY(book_id) REFERENCES books(id), FOREIGN KEY(patron_id) REFERENCES patrons(id));
INSERT INTO `loans` VALUES (1,15,2,'2015-12-10','2020-10-20',NULL);
INSERT INTO `loans` VALUES (2,4,1,'2015-12-11','2015-12-18','2017-08-17 00:00:00.000 +00:00');
INSERT INTO `loans` VALUES (3,8,1,'2015-12-12','2015-12-19',NULL);
INSERT INTO `loans` VALUES (4,9,3,'2015-12-13','2015-12-20',NULL);
INSERT INTO `loans` VALUES (5,11,4,'2015-12-13','2015-12-20','2015-12-17');
INSERT INTO `loans` VALUES (6,10,4,'2018-5-3','2018-9-6',NULL);
INSERT INTO `loans` VALUES (7,1,1,'2017-08-15 00:00:00.000 +00:00','2017-08-22 00:00:00.000 +00:00',NULL);
INSERT INTO `loans` VALUES (8,16,3,'2017-08-15 12:34:33.632 +00:00','2017-08-22 12:34:33.632 +00:00',NULL);
INSERT INTO `loans` VALUES (9,19,1,'2017-08-15 14:35:02.869 +00:00','2017-08-22 14:35:02.869 +00:00',NULL);
INSERT INTO `loans` VALUES (10,1,1,'2017-08-17 00:00:00.000 +00:00','2017-08-24 00:00:00.000 +00:00','2017-08-17 00:00:00.000 +00:00');
CREATE TABLE books (id INTEGER PRIMARY KEY AUTOINCREMENT, title TEXT UNIQUE NOT NULL, author TEXT NOT NULL, genre TEXT, first_published INTEGER, createdAt DATETIME, updatedAt DATETIME);
INSERT INTO `books` VALUES (1,'Harry Potter and the Philosopher''s Stone','J.K. Rowling','Fantasy',1997,NULL,NULL);
INSERT INTO `books` VALUES (2,'Harry Potter and the Chamber of Secrets','J.K. Rowling','Fantasy',1998,NULL,NULL);
INSERT INTO `books` VALUES (3,'Harry Potter and the Prisoner of Azkaban','J.K. Rowling','Fantasy',1999,NULL,NULL);
INSERT INTO `books` VALUES (4,'Harry Potter and the Goblet of Fire','J.K. Rowling','Fantasy',2000,NULL,NULL);
INSERT INTO `books` VALUES (5,'Harry Potter and the Order of the Phoenix','J.K. Rowling','Fantasy',2003,NULL,NULL);
INSERT INTO `books` VALUES (6,'Harry Potter and the Half-Blood Prince','J.K. Rowling','Fantasy',2005,NULL,NULL);
INSERT INTO `books` VALUES (7,'Harry Potter and the Deathly Hallows','J.K. Rowling','Fantasy',2007,NULL,NULL);
INSERT INTO `books` VALUES (8,'A Brief History of Time','Stephen Hawking','Non Fiction',1988,NULL,NULL);
INSERT INTO `books` VALUES (9,'The Universe in a Nutshell','Stephen Hawking','Non Fiction',2001,NULL,NULL);
INSERT INTO `books` VALUES (10,'Frankenstein','Mary Shelley','Horror',1818,NULL,NULL);
INSERT INTO `books` VALUES (11,'The Martian','Andy Weir','Science Fiction',2014,NULL,NULL);
INSERT INTO `books` VALUES (12,'Ready Player One','Ernest Cline','Science Fiction',2011,NULL,NULL);
INSERT INTO `books` VALUES (13,'Armada','Ernest Cline','Science Fiction',2015,NULL,NULL);
INSERT INTO `books` VALUES (14,'Pride and Prejudice','Jane Austen','Classic',1813,NULL,NULL);
INSERT INTO `books` VALUES (15,'Emma','Jane Austen','Classic',1815,NULL,NULL);
INSERT INTO `books` VALUES (16,'Book of book','desf','sffff',2231,NULL,NULL);
INSERT INTO `books` VALUES (17,'What''s up','ddd','eeee',555,NULL,NULL);
INSERT INTO `books` VALUES (18,'55555','6666','22222',4444,NULL,NULL);
INSERT INTO `books` VALUES (19,'dsfsefe','sef','eefse',233,NULL,NULL);
INSERT INTO `books` VALUES (20,'aswdd','','wwdwdad',2,NULL,NULL);
INSERT INTO `books` VALUES (21,'fdssefe','eeffsf','wwww',3434,NULL,NULL);
INSERT INTO `books` VALUES (22,'Who are you','awdadas','sda',2332,NULL,NULL);
INSERT INTO `books` VALUES (23,'hhhhhhhhhhhh','hhhhhhhhhh','hhhhhh',5,NULL,NULL);
INSERT INTO `books` VALUES (24,'ppppppppp','pppppppppp','pp',9,NULL,NULL);
INSERT INTO `books` VALUES (25,'bbbbbbbbbbbb','bbbbb','bbbbb',666666666,NULL,NULL);
INSERT INTO `books` VALUES (26,'大国崛起','英国','小说',2323,NULL,NULL);
COMMIT;
